Nodes,Dimension,Size,Time,Largest
4,0,1.0351770828150477,2.5987625122070312e-05,0.47961263832335
4,0,0.5383570882785002,3.2901763916015625e-05,0.45189067623289003
4,0,1.2967443044379232,1.811981201171875e-05,0.505582471533031
4,0,0.8908054614035072,1.6927719116210938e-05,0.4522221767798963
4,0,0.564696797462044,1.71661376953125e-05,0.3094739331982189
8,0,1.0362280065217053,4.696846008300781e-05,0.3365746949272942
8,0,0.5710111355569347,6.818771362304688e-05,0.16412997004833518
8,0,0.9707970382139358,4.506111145019531e-05,0.41281304493353443
8,0,2.192194207356812,4.506111145019531e-05,0.44107318150568575
8,0,1.3587318100768033,4.482269287109375e-05,0.3631294750719878
16,0,0.960563472335326,0.0001430511474609375,0.267210376893358
16,0,1.1755633199915319,0.00014209747314453125,0.1968817070127371
16,0,1.3457371828642692,0.00014495849609375,0.21890348724160125
16,0,1.157196128530929,0.00014495849609375,0.19314293134454608
16,0,1.9513842494012037,0.0001399517059326172,0.3794528573638244
32,0,1.4061112342397175,0.0005359649658203125,0.12326162084777181
32,0,1.1304822988653989,0.0005080699920654297,0.16722989218137663
32,0,1.4721485902180667,0.00049591064453125,0.16508643948153312
32,0,1.1973823045817584,0.0004980564117431641,0.13205525800560303
32,0,1.0597354930322467,0.0004889965057373047,0.06519200279706905
64,0,1.2604095351983036,0.0016698837280273438,0.07638539224210139
64,0,1.5007008870776517,0.0017049312591552734,0.07281166122717098
64,0,1.4405506400026926,0.0017440319061279297,0.07598496723575421
64,0,1.399018680722337,0.0024220943450927734,0.0765647234574599
64,0,1.3473646540650779,0.0017628669738769531,0.08838699547937723
128,0,1.3407436094574496,0.00647282600402832,0.053977086182203204
128,0,1.4299002831774046,0.007050991058349609,0.04868800857689315
128,0,1.3209456737600669,0.006716012954711914,0.037842136049025865
128,0,1.0026465304966088,0.0069921016693115234,0.022656378669208777
128,0,0.9851216867397041,0.006854057312011719,0.028395309072711372
256,0,1.3098106499889184,0.03326702117919922,0.031844536698144355
256,0,1.167503778240472,0.028895139694213867,0.02407494182974712
256,0,1.2179048220105453,0.03343391418457031,0.023600432718240083
256,0,1.3492039727589877,0.029942989349365234,0.02944173336551692
256,0,1.269816466493448,0.030905961990356445,0.023131242451647993
512,0,1.1444336369213546,0.1320798397064209,0.010729577759136966
512,0,1.2672538274049239,0.128709077835083,0.011958695705109212
512,0,1.164298935235627,0.13011693954467773,0.010169003988722447
512,0,1.225519695109738,0.12478113174438477,0.01616185051975727
512,0,1.1730200707299407,0.13404297828674316,0.009956103549035866
1024,0,1.238988710937865,0.507209062576294,0.006910415160831351
1024,0,1.2177757748971327,0.5003499984741211,0.008295029483739391
1024,0,1.2265896109421828,0.4910719394683838,0.0068364355533308
1024,0,1.223847523294639,0.4879610538482666,0.007380838561987013
1024,0,1.2118859133763897,0.4987649917602539,0.006415466199312103
4,2,0.7079708842984044,2.193450927734375e-05,0.31255995176612983
4,2,1.2596933693646502,4.315376281738281e-05,0.45090427564835583
4,2,1.295833906997942,3.504753112792969e-05,0.6602112912560739
4,2,1.062437880744996,1.8835067749023438e-05,0.4205611049516299
4,2,1.3204321705084219,3.0994415283203125e-05,0.6563248554595842
8,2,1.8286297285744302,4.601478576660156e-05,0.42056445182276947
8,2,2.141074380274402,5.602836608886719e-05,0.44709673373489045
8,2,1.3724861581446741,4.410743713378906e-05,0.31610188180337145
8,2,1.2695407232297327,4.38690185546875e-05,0.308129812005514
8,2,1.7163737725929398,4.410743713378906e-05,0.5655282324044565
16,2,2.3524706287174806,0.00017309188842773438,0.273927199252087
16,2,2.890359192939257,0.00017714500427246094,0.45320377193803785
16,2,2.462389400299479,0.0001838207244873047,0.3367910152131801
16,2,2.1816724383334596,0.00017786026000976562,0.33755256615718116
16,2,2.0854145882483937,0.00018095970153808594,0.2754119477644487
32,2,3.3552133234917707,0.0005199909210205078,0.27381051493884
32,2,3.960107012753609,0.0005230903625488281,0.2882734680162287
32,2,3.7719566148160335,0.0005581378936767578,0.286570241634215
32,2,3.5598952321779005,0.0005338191986083984,0.22397552822969286
32,2,4.191827994407075,0.0005168914794921875,0.22716516295228806
64,2,5.835554256502533,0.001798868179321289,0.18324538768187942
64,2,5.3134068679251945,0.0018000602722167969,0.22002885146993445
64,2,5.405838379514236,0.0018241405487060547,0.2479831555608446
64,2,5.627893392720698,0.00191497802734375,0.20090045700800066
64,2,5.609742543353361,0.0020999908447265625,0.23011421354790199
128,2,7.318859914531082,0.007503986358642578,0.1544326070920899
128,2,7.9309885793462325,0.007430076599121094,0.15158081174284624
128,2,7.801750686709442,0.007630109786987305,0.11143966166972369
128,2,7.922885558905458,0.0068759918212890625,0.11527460995834692
128,2,7.710928188307007,0.007914066314697266,0.12802201810684857
256,2,10.682717595390985,0.03025507926940918,0.10645548587446725
256,2,10.066023692123393,0.033087968826293945,0.12935444346695033
256,2,10.831486041588144,0.03496289253234863,0.09886730596346162
256,2,10.864243289486316,0.02616715431213379,0.11516410297571024
256,2,10.774376935040603,0.031809091567993164,0.1036683416296279
512,2,15.24981446234117,0.124114990234375,0.07884941699873559
512,2,14.927244748968674,0.12441301345825195,0.08447219569920311
512,2,14.988411030545132,0.12553906440734863,0.06905375031832856
512,2,14.631609572952652,0.12333393096923828,0.07943133222001549
512,2,15.129568455515951,0.12246394157409668,0.0758972458179287
1024,2,20.8032000793307,0.49181318283081055,0.058687398132749626
1024,2,20.93350949717425,0.5028369426727295,0.06331874213721483
1024,2,21.36930304526914,0.4929227828979492,0.06445525723334751
1024,2,21.025649269235,0.49010586738586426,0.05090083651773302
1024,2,21.164318010489264,0.5108530521392822,0.05724345660714508
4,3,1.7782427315134042,2.4080276489257812e-05,0.6837206502225871
4,3,1.8102291620481532,2.7894973754882812e-05,0.7980321166783227
4,3,1.3502746770044403,2.9087066650390625e-05,0.5398494203887775
4,3,1.220568072059071,3.3855438232421875e-05,0.5497157486084004
4,3,1.0288387484726007,1.7881393432617188e-05,0.4522735467660788
8,3,2.575665946854562,4.601478576660156e-05,0.6385118220926808
8,3,2.143003257372735,6.103515625E-05,0.4541670551898492
8,3,2.209626886981884,5.698204040527344e-05,0.48057028204571217
8,3,2.8989910937062975,4.482269287109375e-05,0.6383929384410767
8,3,2.4101437953758293,4.38690185546875e-05,0.5640591780848155
16,3,4.33207318679131,0.0001900196075439453,0.6219939987907263
16,3,5.261521390012244,0.00018095970153808594,0.5307828977104717
16,3,5.404276157355122,0.00017786026000976562,0.5847875613022568
16,3,4.568814053593016,0.00018095970153808594,0.4938342101710905
16,3,4.703066358822505,0.0001800060272216797,0.44894854693884806
32,3,7.344750808490992,0.0005080699920654297,0.36804942505967486
32,3,7.14484705989483,0.0005080699920654297,0.4054290560808583
32,3,7.233954032208382,0.000514984130859375,0.3786820606528145
32,3,6.808224008970142,0.0005290508270263672,0.3857913696324775
32,3,7.745507380707494,0.0005259513854980469,0.4007013786836074
64,3,11.235020746490497,0.001753091812133789,0.2775106386817104
64,3,10.717031920142277,0.001744985580444336,0.3666897449696043
64,3,11.558811178637635,0.001744985580444336,0.2883456883233774
64,3,11.372034921758413,0.0017650127410888672,0.3156257271577427
64,3,11.276408187254665,0.0018589496612548828,0.393848073256046
128,3,17.3620293284784,0.006906032562255859,0.23504475867340782
128,3,17.010757853072924,0.007941961288452148,0.2603013170402996
128,3,17.38703136281101,0.0073511600494384766,0.25021180831751655
128,3,18.105172108853736,0.0067670345306396484,0.2519663449697908
128,3,17.59794984920286,0.010889053344726562,0.32173243782061156
256,3,27.215101937382535,0.029004812240600586,0.2054480837409803
256,3,27.012440881279684,0.0256650447845459,0.20640977357462437
256,3,27.802055478271882,0.030645132064819336,0.20866097022123584
256,3,27.42168359144198,0.02579808235168457,0.20124030305176063
256,3,27.35853994803661,0.029263019561767578,0.23162475589437742
512,3,43.19708503658283,0.12595701217651367,0.15914804698941737
512,3,42.860344621099514,0.12738490104675293,0.2112766032634308
512,3,43.39180509070135,0.12332701683044434,0.1855885357319989
512,3,43.6669837425886,0.12500405311584473,0.17377187857064333
512,3,44.24746745902193,0.12603497505187988,0.17347233969442236
1024,3,68.11978932672895,0.4922010898590088,0.14653083186614793
1024,3,67.77909699110874,0.49492406845092773,0.13204127176853805
1024,3,67.34526899462807,0.5026230812072754,0.16705428459291524
1024,3,68.25499956063257,0.4992949962615967,0.1363824470852198
1024,3,68.24259852407539,0.5074899196624756,0.14595538069992792
4,4,1.8764556348544148,2.09808349609375e-05,0.6672269774938792
4,4,1.9476742857723663,2.9087066650390625e-05,0.8995581263711877
4,4,1.5606361376420115,2.5033950805664062e-05,0.81307322107965
4,4,2.039381708012852,1.7881393432617188e-05,0.91095721799923
4,4,2.4360159297380974,2.4080276489257812e-05,0.8412307545649044
8,4,3.6472572432846744,4.601478576660156e-05,0.7596220202062053
8,4,3.385922790902549,4.410743713378906e-05,0.7179934693297917
8,4,3.361003330681679,5.7220458984375e-05,0.6422671088738411
8,4,3.725646294640693,5.817413330078125e-05,0.7117197319869969
8,4,4.061303309084371,4.291534423828125e-05,0.7541602618076731
16,4,5.96608699737224,0.00017404556274414062,0.6138491738281198
16,4,5.738387894731086,0.00017499923706054688,0.6421734386915614
16,4,6.52051977118654,0.00017690658569335938,0.565000314619022
16,4,6.56832405295127,0.0001800060272216797,0.5896670648646921
16,4,6.894789530872576,0.00017786026000976562,0.6885907327218066
32,4,9.470373632965337,0.0005190372467041016,0.5647099060036103
32,4,10.244500510845485,0.000518798828125,0.5121249315691823
32,4,10.888220616994438,0.0005340576171875,0.6809884703790954
32,4,10.85523301957621,0.0005290508270263672,0.5141169936572302
32,4,10.606208161213878,0.0005180835723876953,0.48688802762994965
64,4,16.7616585157948,0.0017380714416503906,0.44950225945233574
64,4,18.20293832825532,0.0018219947814941406,0.4913388245140956
64,4,15.679918649716791,0.0018508434295654297,0.40647688745994714
64,4,17.155185929776724,0.0017218589782714844,0.4357915244014697
64,4,18.225052100564483,0.0017499923706054688,0.43627908832674095
128,4,28.13389368247636,0.0067670345306396484,0.3920561648224675
128,4,29.590513174864018,0.006776094436645508,0.3526265837389117
128,4,28.956499941080494,0.0071489810943603516,0.3772895531936705
128,4,28.801779974058274,0.011473894119262695,0.3645893557880313
128,4,28.840846995049276,0.007008075714111328,0.3371433661679672
256,4,48.43992993158324,0.03555607795715332,0.3469314769245869
256,4,48.60321867487556,0.026533126831054688,0.32989692036250745
256,4,47.206701491961766,0.025897979736328125,0.38418586923458675
256,4,47.51608527007676,0.02908492088317871,0.313105191569625
256,4,46.7189691647701,0.026051998138427734,0.3290489442466238
512,4,77.70908283200457,0.12755894660949707,0.32275529199551184
512,4,76.25888063954424,0.1353440284729004,0.25447650258086557
512,4,78.04190894909614,0.1296241283416748,0.3066115765655747
512,4,78.14638519600527,0.13047289848327637,0.2939123361573663
512,4,78.4917063093535,0.13631916046142578,0.2560464699938825
1024,4,130.94154297157772,0.4916560649871826,0.2487208108505494
1024,4,129.69833501625914,0.5034089088439941,0.24576838040825535
1024,4,132.28723459023868,0.4980051517486572,0.25053263989929997
1024,4,130.23808341324417,0.49243879318237305,0.2526793828269552
1024,4,129.28004012573857,0.5001339912414551,0.2718549177768185
4,0,1.1582603032737824,2.193450927734375e-05,0.5015288648432707
4,0,1.2730692739435545,2.002716064453125e-05,0.6830057913234897
4,0,0.9934860057280984,2.288818359375E-05,0.4643404275932508
4,0,0.9768108055067406,1.6927719116210938e-05,0.5976410904358799
4,0,0.29283821130746357,2.2172927856445312e-05,0.22145583101614397
8,0,0.8736888734551651,6.794929504394531e-05,0.209200867464845
8,0,1.2060418549807987,6.389617919921875e-05,0.38406371429285735
8,0,0.6560364577257431,6.389617919921875e-05,0.2907536256660357
8,0,1.0596397751932631,4.601478576660156e-05,0.2796127837062806
8,0,0.7115826153210558,5.412101745605469e-05,0.2900745070849454
16,0,1.653309664180614,0.00015687942504882812,0.3028745171256283
16,0,0.7429488916326912,0.0001621246337890625,0.12348599072224109
16,0,0.8698018106249931,0.00016307830810546875,0.2768729023916888
16,0,0.9110572726822613,0.00023698806762695312,0.12632663243576303
16,0,1.6257628853789001,0.00014400482177734375,0.31570605263836227
32,0,1.1821053649989481,0.00047206878662109375,0.13314556290208868
32,0,1.2782790397605894,0.0004448890686035156,0.14706766542174277
32,0,1.066530075893405,0.00045108795166015625,0.10309556182950175
32,0,0.9268410182566388,0.0004520416259765625,0.0807296948628875
32,0,0.7188263061283724,0.0004868507385253906,0.12527701569360605
64,0,1.3083813932502342,0.0016989707946777344,0.06573340841735198
64,0,1.1273522906260762,0.0016889572143554688,0.0794649859327824
64,0,1.0758861402185496,0.0018260478973388672,0.06080404128311134
64,0,1.3171637300363623,0.0016138553619384766,0.05944709538978066
64,0,1.1484673986215972,0.0018520355224609375,0.07333469875108822
128,0,1.2246452774237442,0.007266998291015625,0.030221727679934807
128,0,1.2298628110894154,0.010956048965454102,0.05539799214854291
128,0,1.2415550058805171,0.006490945816040039,0.041271338039475136
128,0,1.070528275507264,0.008776187896728516,0.02494518115914679
128,0,1.039005000775868,0.010801076889038086,0.032890859089473756
256,0,1.0973679019900664,0.02853703498840332,0.03830575723226215
256,0,1.2793628162697943,0.03055715560913086,0.0222506009239124
256,0,1.0473640322621192,0.02922797203063965,0.022993296879551095
256,0,1.1364877999172665,0.030000925064086914,0.0180817538377952
256,0,1.2700425193570135,0.03136897087097168,0.022788719439017613
512,0,1.2471759194535932,0.1326448917388916,0.014271284439115406
512,0,1.2795293464628545,0.12307095527648926,0.014203806933860808
512,0,1.1298456226431268,0.12458491325378418,0.010694421366349793
512,0,1.1705154958842534,0.12296009063720703,0.012612169461368228
512,0,1.2266480687487191,0.12279701232910156,0.017610239636080327
1024,0,1.2468208105245142,0.49701786041259766,0.006828205785052055
1024,0,1.213607930490764,0.4912269115447998,0.008767233643255379
1024,0,1.1428932837710681,0.4963359832763672,0.008202593970554006
1024,0,1.2224843548161572,0.5023479461669922,0.007450262094337523
1024,0,1.238378505379298,0.49950194358825684,0.009154953814746403
2048,0,1.2302990039809916,2.030470132827759,0.003017340416792358
2048,0,1.2106357824100908,2.0495760440826416,0.003608955655678092
2048,0,1.2138195011276536,2.0616490840911865,0.003677566741995597
2048,0,1.2062129441110039,2.0635581016540527,0.003751120903199512
2048,0,1.2030255202497693,2.079134941101074,0.003239800113145841
4096,0,1.1875734435234895,9.401880979537964,0.0020470825963821992
4096,0,1.2182303584731096,9.308456897735596,0.0020655863809234676
4096,0,1.2028397163758602,9.366917133331299,0.001936464727471554
4096,0,1.141498171979586,11.855249166488647,0.0022242390653746114
4096,0,1.220177237279674,10.936676979064941,0.0018347595505739944
4,2,0.5793661815659705,2.002716064453125e-05,0.28091453016454804
4,2,1.0269974808421884,2.09808349609375e-05,0.5908530676804036
4,2,1.3654477787457435,3.0994415283203125e-05,0.5490345320455301
4,2,1.45410095023957,2.8133392333984375e-05,0.5816201163932048
4,2,1.0606105286079217,1.811981201171875e-05,0.49314117908605976
8,2,1.7921914668951509,7.104873657226562e-05,0.5538562176828676
8,2,1.69790336712882,4.506111145019531e-05,0.32303152714091765
8,2,2.022991985470121,5.793571472167969e-05,0.597045460418126
8,2,2.002075755300925,5.3882598876953125e-05,0.430419895288181
8,2,1.8723889384160457,4.291534423828125e-05,0.33374124964310375
16,2,2.391615455205359,0.0001690387725830078,0.3703812716562267
16,2,2.7629392403422037,0.00017714500427246094,0.48122408483990026
16,2,3.0180126300405044,0.00018215179443359375,0.356025020321862
16,2,3.0085014460932404,0.00017690658569335938,0.4513656396017362
16,2,2.8414675621196164,0.00017499923706054688,0.48686769437927996
32,2,3.874154243386469,0.0005190372467041016,0.22513766389845585
32,2,3.7482461775403664,0.0005409717559814453,0.2651610139974744
32,2,4.130142520273143,0.0005159378051757812,0.25107362825100826
32,2,4.0885893583343575,0.0005099773406982422,0.26658230383124953
32,2,3.722957739923717,0.0005190372467041016,0.22019293527266603
64,2,5.599003951812415,0.0018699169158935547,0.17216883106754619
64,2,5.596714552701395,0.0018711090087890625,0.18909229311259773
64,2,5.368605844607431,0.0019249916076660156,0.1644116071891377
64,2,5.505333491048781,0.0018508434295654297,0.16320133371086892
64,2,5.697006498770113,0.002274036407470703,0.22177068445452153
128,2,7.7484856537925015,0.008844137191772461,0.12706336418315997
128,2,7.642038097418687,0.008120059967041016,0.13825786361086773
128,2,7.515682940121848,0.0076639652252197266,0.16413569354691412
128,2,7.630074094280367,0.008545160293579102,0.1411621933907832
128,2,7.494300268783092,0.010843992233276367,0.12990913970356072
256,2,10.714311234828877,0.033972978591918945,0.1164146425874928
256,2,10.836669286729693,0.03125786781311035,0.12150386785482142
256,2,10.714325810265205,0.03032398223876953,0.09112079929676041
256,2,10.853086354944972,0.026122093200683594,0.09547692678622499
256,2,10.89082179225731,0.030292987823486328,0.08776265402392837
512,2,14.643429491181475,0.12125802040100098,0.07279677343917465
512,2,14.868368549541653,0.12074589729309082,0.07570187324966048
512,2,15.290501783364993,0.12850022315979004,0.06890366524456282
512,2,15.0726033698013,0.14414095878601074,0.07993023141445256
512,2,14.98049832097118,0.17340922355651855,0.08493383337772202
1024,2,21.03547449463526,0.5270330905914307,0.05061168677458178
1024,2,21.046231571813856,0.5691490173339844,0.05145520016663837
1024,2,21.147154613345826,0.5750939846038818,0.047844842312520675
1024,2,20.825499846921996,0.6685960292816162,0.04702711372365333
1024,2,20.9953543103707,0.6241869926452637,0.05978122633475802
2048,2,29.572230544983924,2.1803090572357178,0.04031734015328928
2048,2,29.64581626277485,2.08719801902771,0.041249818881509775
2048,2,29.58932415031091,2.013439893722534,0.03934023241716349
2048,2,29.479643087964845,2.5034611225128174,0.04172709279700613
2048,2,29.544702013867376,2.3598790168762207,0.043359076934712144
4096,2,42.00974842017406,11.395123958587646,0.031349079371099466
4096,2,42.04636204412053,9.091346979141235,0.031182735465125865
4096,2,41.750190356481646,9.359994888305664,0.027453941521649722
4096,2,41.582092516017894,10.44229006767273,0.025906788222482185
4096,2,41.524749947157275,11.185385942459106,0.02893327233835257
4,3,1.7531978015800318,2.09808349609375e-05,0.773975613019317
4,3,1.3862437326142334,4.1961669921875e-05,0.7244209368764662
4,3,1.4306675621721272,4.506111145019531e-05,0.5713731556691746
4,3,1.064541959150075,2.09808349609375e-05,0.5328186568283279
4,3,1.9362298023564357,1.5974044799804688e-05,0.8683750523491967
8,3,2.6801635108841406,4.482269287109375e-05,0.4776718436115479
8,3,2.4831598240381325,4.291534423828125e-05,0.4871383553331209
8,3,2.620798715613907,4.291534423828125e-05,0.6657502229378917
8,3,2.968884327278629,4.38690185546875e-05,0.591938841730626
8,3,1.5719395810918328,4.38690185546875e-05,0.40888667135014967
16,3,5.065996621906592,0.00017404556274414062,0.4930092846171117
16,3,5.081374009788748,0.00017595291137695312,0.6156845385303801
16,3,4.592215433998313,0.00017690658569335938,0.6088441600976905
16,3,4.897521030277835,0.00017380714416503906,0.4675604053982846
16,3,3.98902526093453,0.00017690658569335938,0.49596777134105885
32,3,6.745207614020967,0.0005691051483154297,0.3733820302797941
32,3,7.3333577386768845,0.0004940032958984375,0.380015790003771
32,3,6.561067560973832,0.0005328655242919922,0.3701785078986613
32,3,6.937271254598554,0.0005240440368652344,0.433997595706445
32,3,7.87114099584368,0.0005280971527099609,0.3640282675055091
64,3,11.049054934762344,0.0019071102142333984,0.32887666991598574
64,3,11.07349834494718,0.0018398761749267578,0.35019082297054244
64,3,10.432915291633485,0.0018720626831054688,0.2848051775768712
64,3,11.829353426804472,0.002012014389038086,0.3155580028804575
64,3,11.323781823140362,0.002193927764892578,0.2883308962080332
128,3,17.90815218416108,0.007652997970581055,0.23033472126971824
128,3,17.5167947398096,0.006960868835449219,0.23927054442503967
128,3,17.789911103300643,0.010885000228881836,0.27549881047248104
128,3,18.133766193314354,0.00673985481262207,0.26513488527828216
128,3,17.411177143243137,0.00832509994506836,0.2535840840785631
256,3,26.98577008398571,0.030184030532836914,0.22250945065139763
256,3,27.651733747928752,0.025724172592163086,0.19995700232637062
256,3,27.844169186897673,0.026813030242919922,0.22382651762609093
256,3,27.26093126865178,0.025760889053344727,0.18504588197540103
256,3,27.492436142480578,0.026936054229736328,0.21861833012884666
512,3,42.870818766141824,0.1226658821105957,0.20414333907831478
512,3,42.895320698296885,0.12738895416259766,0.17870012926547205
512,3,44.387298387168215,0.12333798408508301,0.180390727387746
512,3,43.992717453116235,0.12610101699829102,0.16918131309449086
512,3,43.598347339037836,0.12785911560058594,0.17847744081677083
1024,3,68.2626524156272,0.4960029125213623,0.1431823688379459
1024,3,67.77283164289551,0.5054848194122314,0.13608519067803918
1024,3,67.82796666558184,0.5035078525543213,0.149204162324678
1024,3,68.05326223301638,0.5059690475463867,0.16966768903682533
1024,3,67.6065639975258,0.5120999813079834,0.14258835984331814
2048,3,107.88052271413551,2.248526096343994,0.11941456199642156
2048,3,106.46505802988565,2.169374942779541,0.10754032837055169
2048,3,107.50003921054889,2.102644920349121,0.11840935709656421
2048,3,107.74508311721172,2.140235185623169,0.11185979130665907
2048,3,106.75533064101332,2.0410118103027344,0.1209463531907347
4096,3,168.3425983776821,11.258262872695923,0.09471328153137705
4096,3,168.60128925625293,9.79964017868042,0.10216716030581725
4096,3,168.63874522204424,9.698036909103394,0.089887331467097
4096,3,169.32472672804067,9.829812049865723,0.0939363852285785
4096,3,169.114763238471,9.445120096206665,0.0862784311611068
4,4,2.2137454231796916,2.002716064453125e-05,0.9065512776875618
4,4,1.3857145700616211,3.0994415283203125e-05,0.5173182843899689
4,4,2.3003584049807713,2.3126602172851562e-05,0.8765622890720689
4,4,2.05947598058563,1.9073486328125e-05,0.8241598921316146
4,4,1.4361620104181128,3.504753112792969e-05,0.5818521679134626
8,4,4.256794883158234,4.7206878662109375e-05,0.9283136125108391
8,4,4.244985411604845,4.38690185546875e-05,0.9159385795612695
8,4,2.913308159539903,4.410743713378906e-05,0.522124829284701
8,4,3.2859429864429877,4.410743713378906e-05,0.6208063307538224
8,4,2.860433173260882,4.38690185546875e-05,0.486650301682117
16,4,6.36947909156112,0.00017309188842773438,0.6730575907865249
16,4,5.191184665498941,0.00017714500427246094,0.47759824540426915
16,4,5.323300630466655,0.00018215179443359375,0.5523323740584899
16,4,7.247428478782775,0.00017595291137695312,0.689327144262523
16,4,6.123423806490076,0.0001800060272216797,0.5870460487249386
32,4,9.747215196592359,0.0005400180816650391,0.6900811994902798
32,4,10.809097083545497,0.0005249977111816406,0.5745222453765861
32,4,10.131388425404598,0.0005359649658203125,0.5670631052195094
32,4,9.874786145874994,0.0005280971527099609,0.4564058720739277
32,4,10.089430816809829,0.0005259513854980469,0.52322840021256
64,4,16.324978628467456,0.0018420219421386719,0.40729229384513466
64,4,16.89973895608933,0.0018129348754882812,0.39041231112454167
64,4,16.799065304055073,0.0019350051879882812,0.47121507104417026
64,4,16.683038384889365,0.0021698474884033203,0.5257639227823552
64,4,17.39015063487293,0.002048015594482422,0.46373055449846856
128,4,27.464318109067598,0.00766301155090332,0.36873052637354753
128,4,29.52155850680501,0.006596088409423828,0.42668386611764714
128,4,29.504421632793,0.007529020309448242,0.4219323180481086
128,4,29.612754431728778,0.009922027587890625,0.39059388284038954
128,4,27.831958187071294,0.007071971893310547,0.35310377974519275
256,4,46.776089286258866,0.026607990264892578,0.3145855492149561
256,4,45.943166990142664,0.025892972946166992,0.3402303147185024
256,4,47.043840705821346,0.02769017219543457,0.392512098504573
256,4,46.82113194140151,0.02641010284423828,0.3276846404420397
256,4,47.36231756881677,0.027104854583740234,0.3245009973570754
512,4,76.82547144582279,0.12884998321533203,0.29087045415787827
512,4,77.13735467197418,0.12694406509399414,0.2787855264910869
512,4,78.68503817942712,0.12644100189208984,0.2879072245430237
512,4,77.7265855006444,0.13132500648498535,0.3103126780778834
512,4,77.64581355233226,0.12811493873596191,0.29491857417107237
1024,4,131.74423816874446,0.4912140369415283,0.24616407873798032
1024,4,129.16716260068097,0.498035192489624,0.24733651041762106
1024,4,128.77644147553713,0.49787211418151855,0.2736282688671635
1024,4,132.59694278957002,0.502526044845581,0.2885355054910773
1024,4,129.08999618085278,0.5142760276794434,0.23842288738138132
2048,4,215.23446824389507,2.1479289531707764,0.2088255966738207
2048,4,215.89472077770793,2.082073926925659,0.1997402157771301
2048,4,217.0072805235975,2.0546770095825195,0.2567406036281815
2048,4,215.91617118430509,2.083554983139038,0.20551461494697099
2048,4,215.7000078091652,2.123237133026123,0.20300594577083383
4096,4,359.8105155049351,9.447729110717773,0.170803684451435
4096,4,358.77139629752213,9.745769023895264,0.16620629287535882
4096,4,359.4458735399694,9.48872995376587,0.17156784081140805
4096,4,362.3124529898068,9.3856041431427,0.16767110024923065
4096,4,357.471205625821,10.106153011322021,0.17074389679169324
4,0,1.0954546195447816,2.193450927734375e-05,0.4589397289181436
4,0,1.0058566380356484,4.38690185546875e-05,0.6009127662611881
4,0,0.8182612536921823,2.002716064453125e-05,0.2907596394965716
4,0,0.6714398998779068,1.5974044799804688e-05,0.4619012207589164
4,0,1.4551706261165636,3.0040740966796875e-05,0.8757595961089496
8,0,0.9283273731737329,5.2928924560546875e-05,0.2576037247943348
8,0,1.0228237375191518,7.510185241699219e-05,0.2789636999093674
8,0,1.670240756391708,5.0067901611328125e-05,0.47221112792754516
8,0,0.8838447757734019,6.699562072753906e-05,0.25354156850938925
8,0,1.5393568238034563,5.793571472167969e-05,0.3560373979969347
16,0,1.4132622691787522,0.0001609325408935547,0.22989742177585093
16,0,0.8632430769467933,0.00015997886657714844,0.16689558095791812
16,0,0.9744507363818097,0.00017499923706054688,0.1735392158710347
16,0,0.5991925580419994,0.00016188621520996094,0.09530524613062752
16,0,1.2005888669911908,0.00016808509826660156,0.1844793067325876
32,0,1.2450854498283994,0.00049591064453125,0.1776991702425258
32,0,1.2762648858408854,0.0004870891571044922,0.1517370076273158
32,0,1.0045110525105174,0.0004830360412597656,0.08927767613788262
32,0,1.4964430999823546,0.0004839897155761719,0.15089163577707754
32,0,1.3312815763409276,0.0005049705505371094,0.09870424849989479
64,0,1.4080363351734868,0.0016949176788330078,0.07475424012061871
64,0,1.2112937204497314,0.0016541481018066406,0.08800722547509032
64,0,1.2279442582222933,0.001708984375,0.06153900992771988
64,0,1.2272880336736542,0.00168609619140625,0.09306791906255585
64,0,1.4402699179117708,0.0016870498657226562,0.07725341185250101
128,0,1.1400585313379978,0.006389141082763672,0.03678415491509712
128,0,1.2847187880672981,0.006516933441162109,0.0350311778617709
128,0,1.293284051165848,0.008361101150512695,0.037311614410505345
128,0,1.472036654539491,0.008877992630004883,0.0413994779770106
128,0,1.2553373296399246,0.006804943084716797,0.039103784506618666
256,0,1.0444618291950656,0.03562808036804199,0.02141527294033385
256,0,1.2826413110276798,0.02631211280822754,0.018518642176040268
256,0,1.141725229774313,0.030392169952392578,0.02042203871760573
256,0,1.3511574777361786,0.036149024963378906,0.023540684218582908
256,0,1.1521733255089963,0.026265859603881836,0.022988589834652018
512,0,1.1697015698331394,0.12797117233276367,0.015366507542029062
512,0,1.152323747991277,0.12612295150756836,0.011038177134242044
512,0,1.2223147006601218,0.129133939743042,0.013248744734881468
512,0,1.2825093724279597,0.13034796714782715,0.013161318881015682
512,0,1.278044580177149,0.12206292152404785,0.01180367145274841
1024,0,1.1348606884523957,0.4980800151824951,0.007598484071037137
1024,0,1.2254600759098921,0.4986858367919922,0.008585326251197123
1024,0,1.2508273027388297,0.5073049068450928,0.006688967879148855
1024,0,1.2335125699247287,0.4965190887451172,0.007187806581713696
1024,0,1.3117337607707154,0.5050890445709229,0.00836544912580095
2048,0,1.2225801489414803,2.0416531562805176,0.003865534647110702
2048,0,1.1855419118112196,2.0335700511932373,0.005980865040903227
2048,0,1.2153245204145695,2.061490774154663,0.003594513287583978
2048,0,1.2132772249785044,2.0730199813842773,0.0035808520710615133
2048,0,1.2274556831722747,2.1341919898986816,0.0036554753304368637
4096,0,1.2123199003914737,9.084764957427979,0.001992007706945409
4096,0,1.2164937327179466,8.991573810577393,0.0021929973204918296
4096,0,1.218888064395723,9.570884943008423,0.0024588034027477335
4096,0,1.2362901267622757,9.243653059005737,0.0019343356063956652
4096,0,1.2138952087966823,11.769134044647217,0.0018951316077318037
4,2,1.6034770310273447,2.002716064453125e-05,0.8575009094857136
4,2,0.9255230339878645,4.1961669921875e-05,0.4809015154130589
4,2,1.6748262320414633,2.5987625122070312e-05,0.7169364330556905
4,2,1.3477897111437884,3.2901763916015625e-05,0.5924936262952744
4,2,1.504058496445297,2.7179718017578125e-05,0.5601791721251627
8,2,2.3765661885733205,4.38690185546875e-05,0.4624359106644816
8,2,1.893589453446195,4.506111145019531e-05,0.4090332522296358
8,2,1.8900077941630555,5.1975250244140625e-05,0.37038993016551675
8,2,1.7991317653528844,7.486343383789062e-05,0.4223761173645702
8,2,1.7238343714820008,6.699562072753906e-05,0.46824188630032426
16,2,2.6617907931584965,0.00019097328186035156,0.2914605645393455
16,2,2.94021146840533,0.0001900196075439453,0.3380688976712847
16,2,2.3560239702925747,0.00020003318786621094,0.425392732238988
16,2,2.8287175862329135,0.00017595291137695312,0.34803367756149806
16,2,2.7062580729052526,0.00018095970153808594,0.38311662552175096
32,2,3.586300721150646,0.0006120204925537109,0.21930337407461045
32,2,3.524635622144438,0.0005369186401367188,0.3016868537604806
32,2,3.7849290952364623,0.0005431175231933594,0.35206675554779726
32,2,3.8284351224132163,0.0005400180816650391,0.2534675172914477
32,2,3.9230461542712454,0.0005459785461425781,0.25783307882370865
64,2,5.547607683584298,0.002232074737548828,0.1543381097266591
64,2,5.690143401751827,0.0018830299377441406,0.2082520250591136
64,2,5.521948768673058,0.0019249916076660156,0.14971243708065513
64,2,5.684921216864105,0.0018279552459716797,0.19916693438975222
64,2,5.940504215762021,0.0021560192108154297,0.21974828320404124
128,2,7.818204399724593,0.008327960968017578,0.12794954953176882
128,2,7.698723778790093,0.013044118881225586,0.1367003629124095
128,2,7.908277452717227,0.008299827575683594,0.13084621040916855
128,2,7.475438360973005,0.013406038284301758,0.1810537270259773
128,2,7.67869766765131,0.01188802719116211,0.1599346899029185
256,2,10.865633290745299,0.05170583724975586,0.13703752649879283
256,2,10.303689303213606,0.03349804878234863,0.09455947656308425
256,2,10.548336597708557,0.04951906204223633,0.09415373788259715
256,2,10.710542048033233,0.033319950103759766,0.09065237452229746
256,2,10.262116216995132,0.046234130859375,0.107860588031174
512,2,15.028286791966503,0.1719980239868164,0.08689346418205407
512,2,15.182595112168405,0.13031601905822754,0.0823386967031691
512,2,14.847206256329244,0.14141607284545898,0.06913683004998468
512,2,14.817115164205953,0.13729000091552734,0.07608232635953195
512,2,14.96955476881504,0.12756896018981934,0.08690921346756741
1024,2,20.783969592474378,0.5119531154632568,0.05191695558436713
1024,2,21.014005857492776,0.4930589199066162,0.047430855469050105
1024,2,20.893681506453042,0.5068140029907227,0.058429495483020115
1024,2,20.982178686234253,0.5858099460601807,0.05673968723727011
1024,2,21.08962459471452,0.7030901908874512,0.05226053569273006
2048,2,29.754249685409462,2.812741994857788,0.039713849393432546
2048,2,29.356996462924393,2.8542089462280273,0.03903137704081703
2048,2,29.780455542470076,2.968032121658325,0.03695984984105434
2048,2,29.70578274324677,2.8872201442718506,0.038319377585226765
2048,2,29.74705505831746,2.931766986846924,0.04716421588422982
4096,2,41.4742656489701,9.807558059692383,0.02814137540085699
4096,2,41.57875483409953,9.942610025405884,0.030704933690113526
4096,2,41.75192953522284,10.149163961410522,0.02675272265546988
4096,2,41.6000003784746,9.675122022628784,0.030730109180846867
4096,2,41.75328808423436,11.309739112854004,0.029628951077083028
4,3,1.3762240583380612,3.4809112548828125e-05,0.5882720894449017
4,3,2.0775651885308637,3.218650817871094e-05,0.8721060470214034
4,3,1.7416869406392046,3.409385681152344e-05,0.8916606324745705
4,3,1.6016481880562197,3.2901763916015625e-05,0.6336527563811585
4,3,2.0094118626448534,3.218650817871094e-05,0.9389161276448392
8,3,2.8274747115368184,7.200241088867188e-05,0.5246819379001452
8,3,2.750497562323179,0.00015115737915039062,0.6216366302562268
8,3,2.4442753219383544,7.700920104980469e-05,0.5279459927713092
8,3,2.7790610807209792,8.0108642578125e-05,0.5254292672943965
8,3,2.8217320665019954,4.982948303222656e-05,0.6566858451914399
16,3,4.45227088949889,0.00015592575073242188,0.4614864373110776
16,3,4.430428330186206,0.00015497207641601562,0.4864609212719463
16,3,4.072335828313674,0.0001659393310546875,0.43565431651075265
16,3,4.629183595678687,0.00015401840209960938,0.5269521860831736
16,3,4.340772797058173,0.00015592575073242188,0.4755496287898005
32,3,8.072281142082156,0.0005438327789306641,0.4155841108342348
32,3,6.729091446816169,0.0005030632019042969,0.382925890732129
32,3,6.103498380765821,0.0005090236663818359,0.3826663288657744
32,3,6.74237117039644,0.0004940032958984375,0.515078172719896
32,3,6.805692395768859,0.00047707557678222656,0.4535481680747637
64,3,11.520192760082995,0.0018329620361328125,0.388658544440988
64,3,11.746413947384259,0.002126932144165039,0.37485767876619885
64,3,11.243322167031238,0.002073049545288086,0.35541943922399005
64,3,11.184822850223135,0.002407073974609375,0.29536676386872035
64,3,10.906355026782911,0.0019469261169433594,0.34954554153186923
128,3,17.89846347640535,0.0070018768310546875,0.2826340723898727
128,3,18.339152059467395,0.00837397575378418,0.2389169920791613
128,3,17.53173307165907,0.007699012756347656,0.2765927161531742
128,3,17.534111105235432,0.006665945053100586,0.2509356506283663
128,3,18.228397558028202,0.007081031799316406,0.27639093509041546
256,3,26.84886093764846,0.028006792068481445,0.16991832528146342
256,3,27.569503069731123,0.025809049606323242,0.21558985157703642
256,3,27.293860904733737,0.027033090591430664,0.18822703218383496
256,3,28.178759818591917,0.025547027587890625,0.23694771962151
256,3,27.963920598156164,0.02992391586303711,0.23312021624494156
512,3,43.375308138156264,0.1154930591583252,0.1797915989215589
512,3,43.79896955647447,0.1123349666595459,0.18963822118586063
512,3,43.004048972507356,0.13481497764587402,0.1884468309216144
512,3,43.469239625952554,0.11747288703918457,0.16542982690063784
512,3,42.91265963274572,0.1236879825592041,0.1805724817011311
1024,3,67.48787334298541,0.4981570243835449,0.13132200038514433
1024,3,68.13867210187566,0.48662400245666504,0.1408964159329991
1024,3,68.98921737115563,0.5452849864959717,0.15522010915724496
1024,3,67.31046838710357,0.6597199440002441,0.1479617240054651
1024,3,68.58430525818976,0.5550460815429688,0.1245336567106364
2048,3,106.80556784414502,2.0624499320983887,0.12906972737529174
2048,3,106.77609408962225,2.0466060638427734,0.1278330040940993
2048,3,106.29037523330997,2.0181069374084473,0.11041675226767976
2048,3,106.5979967616299,1.9974329471588135,0.10978327190817226
2048,3,107.45425119306707,2.763002872467041,0.12551014253657025
4096,3,168.8370493385866,9.912369966506958,0.10048547995634578
4096,3,169.8308838837982,9.681267976760864,0.10443771007793948
4096,3,167.9136749404467,10.12619686126709,0.09861207733866945
4096,3,169.2208206448663,9.522339105606079,0.09434790835558193
4096,3,168.93046690732098,9.842303037643433,0.10036031422684297
4,4,1.7490248246406843,2.3126602172851562e-05,0.7671675492990188
4,4,1.310761398057819,1.7881393432617188e-05,0.47749556523839765
4,4,2.0380014950027734,2.002716064453125e-05,0.8985946014315705
4,4,1.7334060238140683,1.6927719116210938e-05,0.8194790337583597
4,4,2.1036271370858786,1.71661376953125e-05,0.7913860487849084
8,4,3.5737880187681057,5.0067901611328125e-05,0.7062995198018732
8,4,4.106549727501195,5.078315734863281e-05,0.7847238879958967
8,4,3.1052164414132397,5.1975250244140625e-05,0.6899757143356258
8,4,4.028891238195525,5.0067901611328125e-05,0.6440813819172053
8,4,3.823512112084641,5.1975250244140625e-05,0.6969295600507343
16,4,5.434696830320537,0.00015807151794433594,0.6061245787439888
16,4,5.976074584180897,0.00015687942504882812,0.6108812566930303
16,4,5.995069559858482,0.00015783309936523438,0.6122576272914334
16,4,6.074372693830729,0.00015592575073242188,0.6162181396293046
16,4,6.3268818046158755,0.00016307830810546875,0.6254010408361513
32,4,11.02718301394861,0.0005540847778320312,0.5132948991801387
32,4,11.184048449785216,0.0005290508270263672,0.5928883125088844
32,4,10.321092006338093,0.0005049705505371094,0.527127526051796
32,4,11.154425016812182,0.0004868507385253906,0.5588535562083183
32,4,11.12694775149999,0.0005068778991699219,0.4531798842166865
64,4,16.789152965996742,0.001825094223022461,0.5097975915442821
64,4,16.406931729499394,0.0019102096557617188,0.4448270971440633
64,4,16.661126829072348,0.0019061565399169922,0.5032219740375045
64,4,17.015875654270552,0.0018608570098876953,0.5402020503113881
64,4,16.603012960791176,0.002190828323364258,0.3800372833059434
128,4,27.389360919331075,0.007196903228759766,0.4513167074910355
128,4,28.47676075413876,0.006696939468383789,0.41096530065837883
128,4,29.05741746213462,0.006989955902099609,0.36241062368257204
128,4,28.4825470999411,0.006554126739501953,0.4021742260615275
128,4,27.621615612394585,0.0072498321533203125,0.45629083104038537
256,4,46.95073384369506,0.027650117874145508,0.3345949358995552
256,4,46.82336669062777,0.026628971099853516,0.3407376927802858
256,4,47.25762774635163,0.027957916259765625,0.3729421528383447
256,4,46.49550938752764,0.026517868041992188,0.37568926259588775
256,4,47.78606885612855,0.027203083038330078,0.44109038855243765
512,4,78.52979155885305,0.13397002220153809,0.2764685541285544
512,4,77.62114577417042,0.12520790100097656,0.33658209660332267
512,4,78.91897227231817,0.1313788890838623,0.29672973628005567
512,4,78.32264971516234,0.1566181182861328,0.3337255766993565
512,4,79.22299262064355,0.14022612571716309,0.31029110196850845
1024,4,130.10803823671662,0.5175879001617432,0.2625872283517039
1024,4,130.94802380877562,0.549950122833252,0.24451759976418616
1024,4,130.5091349103835,0.5858268737792969,0.23279638009138895
1024,4,130.85477473855647,0.5475668907165527,0.2309207547514875
1024,4,127.45216423808596,0.5965209007263184,0.3075753916314283
2048,4,214.48941165386972,2.5323009490966797,0.18884645064730876
2048,4,216.4877075352785,2.522313117980957,0.2063997856608428
2048,4,218.82149510182785,2.137315034866333,0.20130961253996846
2048,4,216.97707887114646,2.0208520889282227,0.2550890527461117
2048,4,216.52380771146525,2.6073310375213623,0.2284019605466712
4096,4,361.8653164513494,9.225017070770264,0.1711154622947113
4096,4,362.6358342271261,10.521295070648193,0.19132054492406805
4096,4,361.96776966125975,11.234441995620728,0.18172160345720897
4096,4,361.68510568397636,11.009402990341187,0.17431996609373618
4096,4,360.8987076566992,11.475808143615723,0.19857865938439917
4,0,0.9220110312926022,3.2901763916015625e-05,0.4911631405086505
4,0,0.7109416612990886,1.71661376953125e-05,0.29840634655752907
4,0,0.5408017907924085,1.621246337890625e-05,0.30761748569153124
4,0,1.126389858989675,1.621246337890625e-05,0.8228298791411333
4,0,0.5953997347091711,1.5020370483398438e-05,0.34668591074444677
8,0,0.40410826210624506,4.601478576660156e-05,0.14233123191495534
8,0,1.3999554504435556,4.601478576660156e-05,0.3936576915108908
8,0,1.2688228285165934,4.38690185546875e-05,0.3494477429180619
8,0,1.5616270353598551,4.410743713378906e-05,0.36410022506749007
8,0,0.801716675756231,0.0001201629638671875,0.22305776508218977
16,0,1.0094589794182114,0.00028586387634277344,0.12229389340714447
16,0,1.0475722908539393,0.0003170967102050781,0.1966041278254167
16,0,1.0350281074365508,0.0001971721649169922,0.21552580346179484
16,0,1.358555477315561,0.000244140625,0.21287177912775102
16,0,0.8860790564174769,0.0002319812774658203,0.23258347635068422
32,0,0.9919468178966291,0.00055694580078125,0.08219251225746316
32,0,1.0689567906040192,0.00055694580078125,0.09395676860760238
32,0,0.9977901318358385,0.0005679130554199219,0.18475220211461452
32,0,1.4216876122272364,0.0005221366882324219,0.16278953948137143
32,0,1.0830904227362805,0.0005440711975097656,0.08432454278724022
64,0,1.2737330850157011,0.0017747879028320312,0.06732930092717326
64,0,1.4119780117337712,0.0027799606323242188,0.059447302565400206
64,0,1.4016933632755695,0.0016520023345947266,0.0658197436400384
64,0,1.4725417417092808,0.0016520023345947266,0.10353714540507697
64,0,1.0934067288368303,0.0016720294952392578,0.05829097194636568
128,0,1.0996792556056865,0.0069179534912109375,0.03576195029237672
128,0,1.498499993727723,0.007161140441894531,0.042338107889887455
128,0,1.1476516473337737,0.008787870407104492,0.04337480080229039
128,0,1.1832325807102366,0.006991147994995117,0.04840699887424549
128,0,1.1657458368343045,0.007479190826416016,0.05002862556221921
256,0,1.2084032192394725,0.032399892807006836,0.024203371866575174
256,0,1.3004890909833484,0.025496959686279297,0.02784932333421697
256,0,1.1706688707965096,0.03447914123535156,0.022875688201213995
256,0,1.2554281891167631,0.03365612030029297,0.022782627250829468
256,0,1.3618529098026442,0.03124094009399414,0.03226546949339959
512,0,1.1648921971430282,0.12508797645568848,0.016996033291611257
512,0,1.1178359652531473,0.11689496040344238,0.01056977067127396
512,0,1.200316544008818,0.12098979949951172,0.013113360554533271
512,0,1.087609289398089,0.12537503242492676,0.013197469458433808
512,0,1.2850573541092243,0.12264394760131836,0.014122987806161502
1024,0,1.2232271572118434,0.4969809055328369,0.00830463396235559
1024,0,1.2216251133246863,0.48672986030578613,0.007311430938147678
1024,0,1.225163416551271,0.5080540180206299,0.006460252547460521
1024,0,1.1341523700960288,0.49317097663879395,0.005872289948539278
1024,0,1.1465804695818527,0.484393835067749,0.008827862923907248
2048,0,1.2107617267329958,2.0153470039367676,0.005358931012335977
2048,0,1.1823382231347614,2.0518600940704346,0.003720982283750063
2048,0,1.2127055241219349,2.020787000656128,0.005271052123868469
2048,0,1.2046922962242896,2.2672808170318604,0.004071976578868486
2048,0,1.2132868132074994,2.5191149711608887,0.005126726544376847
4096,0,1.2344283850033688,12.444813966751099,0.0023644439557910513
4096,0,1.222920252250636,11.039500951766968,0.0018627713121990297
4096,0,1.1920621335782167,9.412155866622925,0.001715834806084171
4096,0,1.2115390034743347,10.134364128112793,0.0035147691181880436
4096,0,1.2046531051386828,10.305264949798584,0.002100306983711886
4,2,1.0847541064379185,2.288818359375e-05,0.5811200540874392
4,2,0.9287805959210353,1.6927719116210938e-05,0.3360084922942645
4,2,1.0840545670888504,1.5974044799804688e-05,0.4179257154834775
4,2,1.116912866298336,1.811981201171875e-05,0.5060508392946526
4,2,1.2167148406056514,1.5974044799804688e-05,0.5116311699629407
8,2,2.439352133881195,4.506111145019531e-05,0.5314825680747534
8,2,2.032287386425334,4.1961669921875e-05,0.3790775428587256
8,2,2.1388987346277664,4.291534423828125e-05,0.5837431497306363
8,2,2.293016805432971,4.1961669921875e-05,0.6289137291834566
8,2,2.3390705734232156,4.291534423828125e-05,0.5258576577613239
16,2,2.707847980266371,0.00013303756713867188,0.4244721020365786
16,2,3.1736414953105885,0.00013709068298339844,0.40337933422967287
16,2,2.9602214496346706,0.00013494491577148438,0.3373263739455145
16,2,2.8231497767733673,0.00013494491577148438,0.2850708550728273
16,2,2.519124824834907,0.0001342296600341797,0.2978383632546603
32,2,4.025866441360361,0.0004780292510986328,0.32427114265654994
32,2,3.88918059615354,0.0005059242248535156,0.2924663167252301
32,2,3.8834368956645884,0.0005052089691162109,0.2858525560023831
32,2,4.225548716661536,0.0004730224609375,0.29702757607976654
32,2,3.9660595535261858,0.0004711151123046875,0.2600677463523564
64,2,5.535689005477576,0.0019049644470214844,0.18824926478615972
64,2,5.739028325462254,0.0019919872283935547,0.1732842551404579
64,2,5.499285288784205,0.0018439292907714844,0.20829599828328227
64,2,5.377810424241403,0.0018548965454101562,0.17799656760898575
64,2,5.618634881698569,0.0023009777069091797,0.15900713594033505
128,2,7.577066243758053,0.007500886917114258,0.1453125956285298
128,2,7.044228572781102,0.00864100456237793,0.16319665859647345
128,2,7.265096817773717,0.007821083068847656,0.1999752300981435
128,2,7.622251594166078,0.007695913314819336,0.1490713707109019
128,2,7.601312075245625,0.007912874221801758,0.14639636089716815
256,2,10.49725515679015,0.03148293495178223,0.10652823178218385
256,2,10.649818592135135,0.02754998207092285,0.10890936683614368
256,2,10.609926885074296,0.031188011169433594,0.13005089995381872
256,2,10.423028263264733,0.026462078094482422,0.09591819539094965
256,2,11.16564029121224,0.033245086669921875,0.11979399846149354
512,2,14.798473647692367,0.17002010345458984,0.0759323490970057
512,2,15.129998935947611,0.16106605529785156,0.06386632816579117
512,2,15.056522004990605,0.15986084938049316,0.0741854693962801
512,2,14.781403829451401,0.12021303176879883,0.07349176037033275
512,2,15.056539140999668,0.131364107131958,0.08319888304175822
1024,2,21.04153381375941,0.5668549537658691,0.05985563624095324
1024,2,21.023400470073863,0.6046979427337646,0.05300161876447299
1024,2,20.982017783939476,0.7466368675231934,0.07476724442271122
1024,2,20.913218060505965,0.7037351131439209,0.06141477065660455
1024,2,20.70970603155525,0.6293699741363525,0.06717693952177686
2048,2,30.09022223164109,2.2864909172058105,0.04553752353689756
2048,2,29.850806605277914,2.074208974838257,0.03703148652477805
2048,2,29.665306860535043,2.2134201526641846,0.03530605784809015
2048,2,29.29062518557075,2.3808889389038086,0.03743410752518884
2048,2,29.689271736310722,2.0135610103607178,0.038994598420236275
4096,2,41.71176034954569,9.265815019607544,0.030765135224322993
4096,2,41.85163826898865,8.932928800582886,0.029115206458842288
4096,2,41.8515605302943,11.537199020385742,0.030833724962522492
4096,2,41.94417031346735,13.058892965316772,0.025997084295719522
4096,2,41.79504458010189,11.133888006210327,0.029577813840601985
4,3,2.1258128696201113,2.193450927734375e-05,0.9480265421850202
4,3,2.009892343652356,2.8848648071289062e-05,0.7942158345443765
4,3,1.2140247287406485,4.291534423828125e-05,0.438795097187168
4,3,1.5645881081117565,1.811981201171875e-05,0.7119351336753473
4,3,1.0078521578456252,1.7881393432617188e-05,0.3861402712812376
8,3,3.195209219737119,4.601478576660156e-05,0.5642812423729304
8,3,2.286116214083248,4.482269287109375e-05,0.6524636379528794
8,3,3.4005554109133063,4.601478576660156e-05,0.601158234539975
8,3,2.401477364272504,4.506111145019531e-05,0.46717213152697257
8,3,2.888402682613889,4.291534423828125e-05,0.6570371558404187
16,3,4.246566545059977,0.00017499923706054688,0.4878069477875618
16,3,5.295218014864815,0.00017690658569335938,0.5653468534095724
16,3,4.385656816080464,0.0002410411834716797,0.5713439946331905
16,3,4.039944914951171,0.00018405914306640625,0.3897544252840667
16,3,4.1995009872825175,0.00017905235290527344,0.5586436462308014
32,3,6.952234582693872,0.0006859302520751953,0.5197991008787577
32,3,7.342409928777128,0.0008180141448974609,0.4090884640864495
32,3,7.05802620612311,0.0007741451263427734,0.35338955759214924
32,3,7.9793989498093225,0.0007958412170410156,0.40619622049509446
32,3,6.872113828413528,0.0006480216979980469,0.4021327905857158
64,3,11.489331838685036,0.0018911361694335938,0.4431798515149578
64,3,10.881721990587918,0.0022139549255371094,0.3444218280179223
64,3,11.769050468279648,0.0026540756225585938,0.4672295957922719
64,3,11.299904335985719,0.002563953399658203,0.4051531621697753
64,3,11.119756259908582,0.0018870830535888672,0.3288173426371692
128,3,17.642528735038333,0.007597923278808594,0.29495544876219054
128,3,17.653033709500484,0.00709986686706543,0.27032436974958185
128,3,17.256464700778203,0.009295225143432617,0.31939911836340734
128,3,17.574734762726248,0.009250879287719727,0.2672547656392733
128,3,18.132700887888994,0.008880138397216797,0.2972473454279547
256,3,26.69485974303793,0.03240799903869629,0.19884073051090725
256,3,27.836591450771767,0.031038999557495117,0.20412309625378666
256,3,26.45854257369104,0.060101985931396484,0.22019281465845
256,3,27.358448426020487,0.04093599319458008,0.2133222218668978
256,3,27.495201019915392,0.033102989196777344,0.26405184816665195
512,3,44.18177105245124,0.14106202125549316,0.20604023273546987
512,3,42.79059539233789,0.3769679069519043,0.17450757292327934
512,3,41.73341121744127,0.2952389717102051,0.18170397335656457
512,3,43.643341978776,0.16166305541992188,0.17783501059802204
512,3,43.63025812588999,0.12465786933898926,0.18445628777307121
1024,3,69.03197721765117,0.5150752067565918,0.15365904506463215
1024,3,67.86396646644152,0.5414400100708008,0.12482439498482764
1024,3,67.65573742163092,0.8327031135559082,0.1376978968901207
1024,3,67.95434878417795,0.5118720531463623,0.16560911347486973
1024,3,69.05532426871743,0.5496299266815186,0.14963653393958762
2048,3,106.73303964218361,3.611571788787842,0.12124158187961125
2048,3,108.48265250411602,2.410097122192383,0.1121789092127677
2048,3,107.79679526915902,2.3554179668426514,0.11580071206992906
2048,3,107.60936902503077,2.2480030059814453,0.11611888296574457
2048,3,107.11597701756338,2.131071090698242,0.12802410006306225
4096,3,169.85922978106345,11.274333000183105,0.10860525048467988
4096,3,169.07686805034075,10.661608934402466,0.09094359078060701
4096,3,170.36945396840355,13.004163026809692,0.08795366539717739
4096,3,169.4001894564045,11.096606969833374,0.09725955574110784
4096,3,169.08674363069736,11.103893041610718,0.10818421999891623
4,4,1.108652606419842,2.002716064453125e-05,0.4047038164930008
4,4,1.6487452123559132,1.5974044799804688e-05,0.6216196945122534
4,4,2.3107681054831275,1.5020370483398438e-05,0.8774617283248503
4,4,1.8120153367602807,1.5974044799804688e-05,0.7355355436505828
4,4,1.4648179247897075,1.5020370483398438e-05,0.6978194070412528
8,4,3.36459270698784,4.38690185546875e-05,0.5763393651001957
8,4,3.249688194101907,4.696846008300781e-05,0.754098651478298
8,4,3.8887398582203314,4.410743713378906e-05,0.7672077299144724
8,4,3.4936781855728465,4.410743713378906e-05,0.6646869044893311
8,4,3.2418450970425168,4.57763671875e-05,0.8462428709782909
16,4,6.4982062269480885,0.00013494491577148438,0.7167751639689504
16,4,6.796058124619831,0.00013709068298339844,0.6721334782079635
16,4,5.677296035135328,0.00013899803161621094,0.6365341332931573
16,4,6.01116225553402,0.0001308917999267578,0.7332697302037848
16,4,5.391973428076599,0.00013208389282226562,0.6073416887797416
32,4,10.623674070554674,0.0004649162292480469,0.602580137050971
32,4,9.38918128778847,0.0004699230194091797,0.5049662037058739
32,4,10.110868554216546,0.00047707557678222656,0.47995323536810525
32,4,10.316352904630648,0.0005660057067871094,0.4814945755053809
32,4,10.687950142857474,0.0004680156707763672,0.5318423857544076
64,4,16.773365974671165,0.0018978118896484375,0.4905146776687934
64,4,17.40306243047254,0.0018439292907714844,0.4546211584372624
64,4,17.015194866305176,0.002135038375854492,0.4447669919604124
64,4,17.736778354747734,0.001873016357421875,0.4900781676687065
64,4,17.36408147836558,0.0019011497497558594,0.43055175196594486
128,4,27.570215001864746,0.006847858428955078,0.38329793338222884
128,4,27.742017924921097,0.00672602653503418,0.3811462002822915
128,4,28.493472016369868,0.007205009460449219,0.3632005830529876
128,4,28.914857764444413,0.006948947906494141,0.35681754605003335
128,4,28.830752440538372,0.009620189666748047,0.4129038147520937
256,4,46.46496577362807,0.03257608413696289,0.2814966745898881
256,4,48.136834043161905,0.02719902992248535,0.3731513394677684
256,4,46.84094716580861,0.03127288818359375,0.31485940689408665
256,4,46.624139913059274,0.030035018920898438,0.34426600120016115
256,4,47.044035480672896,0.02726602554321289,0.364215194489333
512,4,78.81010663453557,0.12002801895141602,0.27329113569723584
512,4,77.0627798222917,0.12902092933654785,0.2910927484584968
512,4,78.671715088932,0.13251686096191406,0.2720969578099234
512,4,79.48600341756256,0.12656497955322266,0.3092690371262784
512,4,78.71074211306147,0.12095189094543457,0.2832933337830382
1024,4,132.1552538198399,0.5347669124603271,0.24704020631452028
1024,4,130.24526993499015,0.9051458835601807,0.2452088770996595
1024,4,129.67471116819772,0.532371997833252,0.2680884641732243
1024,4,130.73349914433433,0.5075640678405762,0.22968532842446088
1024,4,130.450798931656,0.50732421875,0.23618885500371037
2048,4,218.0175454585029,2.098144054412842,0.21596427609096294
2048,4,217.52107892066016,2.092405080795288,0.21041045420440874
2048,4,219.36846965333942,2.3005211353302,0.2101254263391908
2048,4,217.49941397936325,2.139133930206299,0.1835481591091622
2048,4,216.42671628450506,2.114382028579712,0.240499639585693
4096,4,361.52064600904026,10.482398986816406,0.16933239579054063
4096,4,360.59557627123615,10.914709091186523,0.16219485328498037
4096,4,361.3501647124103,18.89703106880188,0.18125580676681283
4096,4,362.265661830616,21.072146892547607,0.18296181852467
4096,4,360.84621703695404,16.783733129501343,0.1822448932534778
